,日期,指数代码,指数名称,指数英文名称,成分券代码,成分券名称,成分券英文名称,交易所,交易所英文名称,权重
126,2022-07-29,000905,中证500,CSI 500,600522,中天科技,Jiangsu Zhongtian Technologies Co Ltd,上海证券交易所,Shanghai  Exchange,0.977
446,2022-07-29,000905,中证500,CSI 500,601615,明阳智能,MingYangSmartEnergyGroupLimited,上海证券交易所,Shanghai  Exchange,0.736
80,2022-07-29,000905,中证500,CSI 500,600256,广汇能源,"GUANGHUI ENERGY CO., LTD.",上海证券交易所,Shanghai  Exchange,0.695
7,2022-07-29,000905,中证500,CSI 500,600157,永泰能源,Wintime Energy Co Ltd,上海证券交易所,Shanghai  Exchange,0.605
451,2022-07-29,000905,中证500,CSI 500,300769,德方纳米,"Shenzhen Dynanonic Co., Ltd.",深圳证券交易所,Shenzhen  Exchange,0.581
0,2022-07-29,000905,中证500,CSI 500,002407,多氟多,Do-Fluoride Chemicals Co Ltd,深圳证券交易所,Shenzhen  Exchange,0.579
336,2022-07-29,000905,中证500,CSI 500,000009,中国宝安,"China Baoan Group Co.,Ltd.",深圳证券交易所,Shenzhen  Exchange,0.571
154,2022-07-29,000905,中证500,CSI 500,002384,东山精密,Suzhou Dongshan Precision Manufacturing Co Ltd,深圳证券交易所,Shenzhen  Exchange,0.568
224,2022-07-29,000905,中证500,CSI 500,002180,纳思达,Ninestar Corporation,深圳证券交易所,Shenzhen  Exchange,0.552
3,2022-07-29,000905,中证500,CSI 500,300012,华测检测,"CENTRE TESTING INTERNATIONAL GROUP CO., LTD.",深圳证券交易所,Shenzhen  Exchange,0.537
254,2022-07-29,000905,中证500,CSI 500,002240,盛新锂能,"Shenzhen Chengxin Lithium Group Co., Ltd.",深圳证券交易所,Shenzhen  Exchange,0.534
117,2022-07-29,000905,中证500,CSI 500,600885,宏发股份,"Hongfa Technology Co., Ltd.",上海证券交易所,Shanghai  Exchange,0.533
237,2022-07-29,000905,中证500,CSI 500,300073,当升科技,Beijing Easpring Material Technology Co Ltd,深圳证券交易所,Shenzhen  Exchange,0.528
231,2022-07-29,000905,中证500,CSI 500,002497,雅化集团,Sichuan Yahua Industrial Group Co Ltd,深圳证券交易所,Shenzhen  Exchange,0.523
107,2022-07-29,000905,中证500,CSI 500,600418,江淮汽车,Anhui Jianghuai Automobile Co Ltd,上海证券交易所,Shanghai  Exchange,0.522
63,2022-07-29,000905,中证500,CSI 500,600096,云天化,Yunnan Yuntianhua Co Ltd,上海证券交易所,Shanghai  Exchange,0.521
435,2022-07-29,000905,中证500,CSI 500,300724,捷佳伟创,Shenzhen S.C New Energy Technology Corporation,深圳证券交易所,Shenzhen  Exchange,0.504
462,2022-07-29,000905,中证500,CSI 500,603613,国联股份,"Beijing United Information Technology Co., Ltd.",上海证券交易所,Shanghai  Exchange,0.499
367,2022-07-29,000905,中证500,CSI 500,300390,天华超净,"SuZhou TA&A Ultra Clean Technology Co., LTD.",深圳证券交易所,Shenzhen  Exchange,0.499
241,2022-07-29,000905,中证500,CSI 500,600732,爱旭股份,"Shanghai Aiko Solar Energy Co., Ltd.",上海证券交易所,Shanghai  Exchange,0.496
349,2022-07-29,000905,中证500,CSI 500,000629,攀钢钒钛,"Pangang Group Vanadium Titanium & Resources Co., Ltd.",深圳证券交易所,Shenzhen  Exchange,0.495
50,2022-07-29,000905,中证500,CSI 500,600487,亨通光电,"Hengtong Optic-Electric Co.,Ltd",上海证券交易所,Shanghai  Exchange,0.46
309,2022-07-29,000905,中证500,CSI 500,601058,赛轮轮胎,"Sailun Group Co.,Ltd.",上海证券交易所,Shanghai  Exchange,0.453
292,2022-07-29,000905,中证500,CSI 500,600392,盛和资源,"Shenghe Resources Holding Co.,Ltd.",上海证券交易所,Shanghai  Exchange,0.453
16,2022-07-29,000905,中证500,CSI 500,600141,兴发集团,Hubei Xingfa Chemicals Group Co Ltd,上海证券交易所,Shanghai  Exchange,0.451
380,2022-07-29,000905,中证500,CSI 500,002756,永兴材料,"Yongxing Special Materials Technology Co.,Ltd.",深圳证券交易所,Shenzhen  Exchange,0.451
58,2022-07-29,000905,中证500,CSI 500,600399,抚顺特钢,Fushun Special Steel Co Ltd,上海证券交易所,Shanghai  Exchange,0.446
70,2022-07-29,000905,中证500,CSI 500,600563,法拉电子,"Xiamen Faratronic Co.,Ltd.",上海证券交易所,Shanghai  Exchange,0.439
111,2022-07-29,000905,中证500,CSI 500,600765,中航重机,Avic Heavy Machinery Co Ltd,上海证券交易所,Shanghai  Exchange,0.437
458,2022-07-29,000905,中证500,CSI 500,688122,西部超导,"Western Superconducting Technologies Co.,Ltd.",上海证券交易所,Shanghai  Exchange,0.433
302,2022-07-29,000905,中证500,CSI 500,000519,中兵红箭,"NORTH INDUSTRIES GROUP RED ARROW CO.,LTD",深圳证券交易所,Shenzhen  Exchange,0.427
139,2022-07-29,000905,中证500,CSI 500,002028,思源电气,"Siyuan Electric Co., Ltd.",深圳证券交易所,Shenzhen  Exchange,0.42
82,2022-07-29,000905,中证500,CSI 500,600233,圆通速递,"YTO Express Group Co.,Ltd.",上海证券交易所,Shanghai  Exchange,0.413
125,2022-07-29,000905,中证500,CSI 500,600499,科达制造,"Keda Industrial Group Co., Ltd.",上海证券交易所,Shanghai  Exchange,0.413
300,2022-07-29,000905,中证500,CSI 500,601555,东吴证券,Soochow Securities Co Ltd,上海证券交易所,Shanghai  Exchange,0.411
264,2022-07-29,000905,中证500,CSI 500,002268,卫士通,Westone Information Industry Inc,深圳证券交易所,Shenzhen  Exchange,0.404
166,2022-07-29,000905,中证500,CSI 500,600348,华阳股份,"Shan Xi Hua Yang Group New Energy Co.,Ltd.",上海证券交易所,Shanghai  Exchange,0.398
357,2022-07-29,000905,中证500,CSI 500,300285,国瓷材料,"Shandong Sinocera Functional Material Co., Ltd",深圳证券交易所,Shenzhen  Exchange,0.398
422,2022-07-29,000905,中证500,CSI 500,603605,珀莱雅,"Proya Cosmetics Co., Ltd.",上海证券交易所,Shanghai  Exchange,0.386
334,2022-07-29,000905,中证500,CSI 500,600988,赤峰黄金,"Chifeng Jilong Gold Mining Co.,Ltd.",上海证券交易所,Shanghai  Exchange,0.378
153,2022-07-29,000905,中证500,CSI 500,002385,大北农,Beijing Dabeinong Technology Group Co Ltd,深圳证券交易所,Shenzhen  Exchange,0.374
359,2022-07-29,000905,中证500,CSI 500,603077,和邦生物,"Sichuan Hebang Biotechnology Co.,Ltd.",上海证券交易所,Shanghai  Exchange,0.373
289,2022-07-29,000905,中证500,CSI 500,000983,山西焦煤,"Shanxi Coking Coal Energy Group Co.,Ltd.",深圳证券交易所,Shenzhen  Exchange,0.373
493,2022-07-29,000905,中证500,CSI 500,605117,德业股份,"Ningbo Deye Technology Co., Ltd.",上海证券交易所,Shanghai  Exchange,0.373
490,2022-07-29,000905,中证500,CSI 500,688777,中控技术,"Zhejiang Supcon Technology Co., Ltd.",上海证券交易所,Shanghai  Exchange,0.37
421,2022-07-29,000905,中证500,CSI 500,601108,财通证券,"CAITONG SECURITIES CO.,LTD.",上海证券交易所,Shanghai  Exchange,0.368
370,2022-07-29,000905,中证500,CSI 500,603456,九洲药业,"Zhejiang Jiuzhou Pharmaceutical Co., Ltd.",上海证券交易所,Shanghai  Exchange,0.365
11,2022-07-29,000905,中证500,CSI 500,600160,巨化股份,Zhejiang Ju Hua Co Ltd,上海证券交易所,Shanghai  Exchange,0.363
326,2022-07-29,000905,中证500,CSI 500,002625,光启技术,"Kuang-Chi Technologies Co., Ltd.",深圳证券交易所,Shenzhen  Exchange,0.361
151,2022-07-29,000905,中证500,CSI 500,300037,新宙邦,Shenzhen Capchem Technology Co Ltd,深圳证券交易所,Shenzhen  Exchange,0.359
127,2022-07-29,000905,中证500,CSI 500,600549,厦门钨业,Xiamen Tungsten Co Ltd,上海证券交易所,Shanghai  Exchange,0.356
232,2022-07-29,000905,中证500,CSI 500,601872,招商轮船,"China Merchants Energy Shipping Co., Ltd.",上海证券交易所,Shanghai  Exchange,0.349
321,2022-07-29,000905,中证500,CSI 500,000630,铜陵有色,Tongling Nonferrous Metals Group Co. Ltd,深圳证券交易所,Shenzhen  Exchange,0.347
96,2022-07-29,000905,中证500,CSI 500,000988,华工科技,Huagong Tech Co Ltd,深圳证券交易所,Shenzhen  Exchange,0.345
469,2022-07-29,000905,中证500,CSI 500,601077,渝农商行,"Chongqing Rural Commercial Bank Co., Ltd.",上海证券交易所,Shanghai  Exchange,0.345
24,2022-07-29,000905,中证500,CSI 500,600298,安琪酵母,Angel Yeast Co Ltd,上海证券交易所,Shanghai  Exchange,0.345
46,2022-07-29,000905,中证500,CSI 500,002422,科伦药业,Sichuan Kelun Pharmaceutical Co Ltd,深圳证券交易所,Shenzhen  Exchange,0.342
419,2022-07-29,000905,中证500,CSI 500,300699,光威复材,"Weihai Guangwei Composites Co.,Ltd.",深圳证券交易所,Shenzhen  Exchange,0.339
406,2022-07-29,000905,中证500,CSI 500,603345,安井食品,"FU JIAN ANJOY FOODS CO., LTD.",上海证券交易所,Shanghai  Exchange,0.335
244,2022-07-29,000905,中证500,CSI 500,600862,中航高科,"Avic Aviation High-Technology Co., Ltd.",上海证券交易所,Shanghai  Exchange,0.333
142,2022-07-29,000905,中证500,CSI 500,601168,西部矿业,Western Mining Co Ltd,上海证券交易所,Shanghai  Exchange,0.333
86,2022-07-29,000905,中证500,CSI 500,600486,扬农化工,Jiangsu Yangnong Chemical Co Ltd,上海证券交易所,Shanghai  Exchange,0.333
478,2022-07-29,000905,中证500,CSI 500,688180,君实生物,"Shanghai Junshi Biosciences Co., Ltd.",上海证券交易所,Shanghai  Exchange,0.33
485,2022-07-29,000905,中证500,CSI 500,688390,固德威,"Jiangsu GoodWe Power Supply Technology Co., Ltd.",上海证券交易所,Shanghai  Exchange,0.329
396,2022-07-29,000905,中证500,CSI 500,601128,常熟银行,"Jiangsu Changshu Rural Commercial Bank Co., Ltd.",上海证券交易所,Shanghai  Exchange,0.329
162,2022-07-29,000905,中证500,CSI 500,000783,长江证券,Changjiang Securities Company Limited,深圳证券交易所,Shenzhen  Exchange,0.327
473,2022-07-29,000905,中证500,CSI 500,601696,中银证券,"BOC International (China) Co., Ltd.",上海证券交易所,Shanghai  Exchange,0.326
438,2022-07-29,000905,中证500,CSI 500,601162,天风证券,"TIANFENG SECURITIES CO., LTD.",上海证券交易所,Shanghai  Exchange,0.325
465,2022-07-29,000905,中证500,CSI 500,688099,晶晨股份,"Amlogic (Shanghai) Co., Ltd.",上海证券交易所,Shanghai  Exchange,0.324
40,2022-07-29,000905,中证500,CSI 500,000970,中科三环,Beijing Zhong Ke San Huan High-Tech Co Ltd,深圳证券交易所,Shenzhen  Exchange,0.322
68,2022-07-29,000905,中证500,CSI 500,600699,均胜电子,Ningbo Joyson Electronic Corp.,上海证券交易所,Shanghai  Exchange,0.321
391,2022-07-29,000905,中证500,CSI 500,002797,第一创业,"First Capital Securities Co., Ltd.",深圳证券交易所,Shenzhen  Exchange,0.319
365,2022-07-29,000905,中证500,CSI 500,300363,博腾股份,Porton Fine Chemicals Ltd.,深圳证券交易所,Shenzhen  Exchange,0.316
325,2022-07-29,000905,中证500,CSI 500,002624,完美世界,"Perfect World Co., Ltd.",深圳证券交易所,Shenzhen  Exchange,0.315
130,2022-07-29,000905,中证500,CSI 500,002056,横店东磁,Hengdian Group DMEGC Magnetics Co Ltd,深圳证券交易所,Shenzhen  Exchange,0.312
282,2022-07-29,000905,中证500,CSI 500,300144,宋城演艺,"SONGCHENG PERFORMANCE DEVELOPMENT CO., LTD.",深圳证券交易所,Shenzhen  Exchange,0.312
131,2022-07-29,000905,中证500,CSI 500,002185,华天科技,Tianshui Huatian Technology Co Ltd,深圳证券交易所,Shenzhen  Exchange,0.309
385,2022-07-29,000905,中证500,CSI 500,603026,石大胜华,"SHANDONG SHIDA SHENGHUA CHEMICAL GROUP CO.,LTD",上海证券交易所,Shanghai  Exchange,0.304
12,2022-07-29,000905,中证500,CSI 500,600039,四川路桥,Sichuan Road&Bridge Co Ltd,上海证券交易所,Shanghai  Exchange,0.302
156,2022-07-29,000905,中证500,CSI 500,600497,驰宏锌锗,Yunnan Chihong Zinc&Germanium Co Ltd,上海证券交易所,Shanghai  Exchange,0.301
408,2022-07-29,000905,中证500,CSI 500,603517,绝味食品,"Juewei Food Co., Ltd.",上海证券交易所,Shanghai  Exchange,0.3
109,2022-07-29,000905,中证500,CSI 500,600875,东方电气,Dongfang Electric Corporation Limited,上海证券交易所,Shanghai  Exchange,0.299
181,2022-07-29,000905,中证500,CSI 500,601607,上海医药,"Shanghai Pharmaceuticals Holding Co.,Ltd",上海证券交易所,Shanghai  Exchange,0.297
64,2022-07-29,000905,中证500,CSI 500,600109,国金证券,Sinolink Securities Co. Ltd.,上海证券交易所,Shanghai  Exchange,0.295
185,2022-07-29,000905,中证500,CSI 500,002078,太阳纸业,Shan Dong Sun Paper Industry Joint Stock Co Ltd,深圳证券交易所,Shenzhen  Exchange,0.294
94,2022-07-29,000905,中证500,CSI 500,000932,华菱钢铁,Hunan Valin Steel Co Ltd,深圳证券交易所,Shenzhen  Exchange,0.293
150,2022-07-29,000905,中证500,CSI 500,002326,永太科技,Zhejiang Yongtai Technology Co Ltd,深圳证券交易所,Shenzhen  Exchange,0.293
283,2022-07-29,000905,中证500,CSI 500,300146,汤臣倍健,"BY-HEALTH CO., LTD",深圳证券交易所,Shenzhen  Exchange,0.293
375,2022-07-29,000905,中证500,CSI 500,603939,益丰药房,"Yifeng Pharmacy Chain Co., Ltd.",上海证券交易所,Shanghai  Exchange,0.289
311,2022-07-29,000905,中证500,CSI 500,002603,以岭药业,Shijiazhuang Yiling Pharmaceutical Co Ltd,深圳证券交易所,Shenzhen  Exchange,0.288
279,2022-07-29,000905,中证500,CSI 500,002507,涪陵榨菜,Chongqing Fuling Zhacai Group Co Ltd,深圳证券交易所,Shenzhen  Exchange,0.288
176,2022-07-29,000905,中证500,CSI 500,002030,达安基因,Da An Gene Co Ltd of Sun Yat-Sen University,深圳证券交易所,Shenzhen  Exchange,0.287
314,2022-07-29,000905,中证500,CSI 500,601636,旗滨集团,Zhuzhou Kibing Group Co Ltd,上海证券交易所,Shanghai  Exchange,0.287
246,2022-07-29,000905,中证500,CSI 500,002353,杰瑞股份,Yantai Jereh Oilfield Services Group Co Ltd,深圳证券交易所,Shenzhen  Exchange,0.286
72,2022-07-29,000905,中证500,CSI 500,600521,华海药业,Zhejiang Huahai Pharmaceutical Co Ltd,上海证券交易所,Shanghai  Exchange,0.285
275,2022-07-29,000905,中证500,CSI 500,600143,金发科技,Kingfa Sci&Tech Co Ltd,上海证券交易所,Shanghai  Exchange,0.282
217,2022-07-29,000905,中证500,CSI 500,002506,协鑫集成,"GCL System Integration Technology Co., Ltd.",深圳证券交易所,Shenzhen  Exchange,0.282
210,2022-07-29,000905,中证500,CSI 500,600177,雅戈尔,Youngor Group Co Ltd,上海证券交易所,Shanghai  Exchange,0.282
95,2022-07-29,000905,中证500,CSI 500,000975,银泰黄金,"Yintai Gold Co.,Ltd.",深圳证券交易所,Shenzhen  Exchange,0.281
386,2022-07-29,000905,中证500,CSI 500,603589,口子窖,"Anhui Kouzi Distillery Co., Ltd.",上海证券交易所,Shanghai  Exchange,0.281
101,2022-07-29,000905,中证500,CSI 500,000738,航发控制,"AECC AERO-ENGINE CONTROL CO.,LTD.",深圳证券交易所,Shenzhen  Exchange,0.279
274,2022-07-29,000905,中证500,CSI 500,000887,中鼎股份,"Anhui Zhongding Sealing Parts Co.,Ltd.",深圳证券交易所,Shenzhen  Exchange,0.277
418,2022-07-29,000905,中证500,CSI 500,603127,昭衍新药,"JOINN LABORATORIES (CHINA) CO.,LTD.",上海证券交易所,Shanghai  Exchange,0.276
489,2022-07-29,000905,中证500,CSI 500,689009,九号公司,Ninebot Limited,上海证券交易所,Shanghai  Exchange,0.276
203,2022-07-29,000905,中证500,CSI 500,600482,中国动力,"China Shipbuilding Industry Group Power Co.,Ltd",上海证券交易所,Shanghai  Exchange,0.275
432,2022-07-29,000905,中证500,CSI 500,601990,南京证券,"Nanjing Securities Co., Ltd.",上海证券交易所,Shanghai  Exchange,0.275
271,2022-07-29,000905,中证500,CSI 500,300088,长信科技,Wuhu Token Science Co Ltd,深圳证券交易所,Shenzhen  Exchange,0.274
90,2022-07-29,000905,中证500,CSI 500,600026,中远海能,"COSCO SHIPPING Energy Transportation Co., Ltd.",上海证券交易所,Shanghai  Exchange,0.274
67,2022-07-29,000905,中证500,CSI 500,600673,东阳光,"GUANGDONG HEC TECHNOLOGY HOLDING CO., LTD",上海证券交易所,Shanghai  Exchange,0.271
129,2022-07-29,000905,中证500,CSI 500,000807,云铝股份,Yunnan Aluminium Co Ltd,深圳证券交易所,Shenzhen  Exchange,0.271
119,2022-07-29,000905,中证500,CSI 500,600705,中航产融,"AVIC Industry-Finance Holdings Co., Ltd.",上海证券交易所,Shanghai  Exchange,0.271
171,2022-07-29,000905,中证500,CSI 500,600079,人福医药,"Humanwell Healthcare (Group) Co., Ltd.",上海证券交易所,Shanghai  Exchange,0.268
354,2022-07-29,000905,中证500,CSI 500,002673,西部证券,"WESTERN SECURITIES CO., LTD",深圳证券交易所,Shenzhen  Exchange,0.265
100,2022-07-29,000905,中证500,CSI 500,000728,国元证券,Guoyuan Securities Company Limited,深圳证券交易所,Shenzhen  Exchange,0.263
220,2022-07-29,000905,中证500,CSI 500,002273,水晶光电,"Zhejiang Crystal-Optech Co., Ltd",深圳证券交易所,Shenzhen  Exchange,0.262
9,2022-07-29,000905,中证500,CSI 500,600153,建发股份,Xiamen C&D Inc,上海证券交易所,Shanghai  Exchange,0.26
268,2022-07-29,000905,中证500,CSI 500,000831,五矿稀土,"China Minmetals Rare Earth Co., Ltd.",深圳证券交易所,Shenzhen  Exchange,0.26
453,2022-07-29,000905,中证500,CSI 500,603267,鸿远电子,"Beijing Yuanliu Hongyuan Electronic Technology Co., Ltd.",上海证券交易所,Shanghai  Exchange,0.258
31,2022-07-29,000905,中证500,CSI 500,300136,信维通信,Shenzhen Sunway Communication Co Ltd,深圳证券交易所,Shenzhen  Exchange,0.258
252,2022-07-29,000905,中证500,CSI 500,002465,海格通信,Guangzhou Haige Communications Group Incorporated Company,深圳证券交易所,Shenzhen  Exchange,0.256
247,2022-07-29,000905,中证500,CSI 500,601699,潞安环能,Shanxi Lu'an Environmental Energy Development Co Ltd,上海证券交易所,Shanghai  Exchange,0.256
393,2022-07-29,000905,中证500,CSI 500,601997,贵阳银行,"Bank of Guiyang Co.,Ltd.",上海证券交易所,Shanghai  Exchange,0.255
368,2022-07-29,000905,中证500,CSI 500,601016,节能风电,CECEP Wind-Power Corporation,上海证券交易所,Shanghai  Exchange,0.255
341,2022-07-29,000905,中证500,CSI 500,000039,中集集团,China International Marine Containers (Group) Co Ltd,深圳证券交易所,Shenzhen  Exchange,0.252
253,2022-07-29,000905,中证500,CSI 500,002223,鱼跃医疗,Jiangsu Yuyue Medical Equipment & Supply Co Ltd,深圳证券交易所,Shenzhen  Exchange,0.252
52,2022-07-29,000905,中证500,CSI 500,000830,鲁西化工,"Luxi Chemical Group Co.,Ltd.",深圳证券交易所,Shenzhen  Exchange,0.252
124,2022-07-29,000905,中证500,CSI 500,600516,方大炭素,"Fangda Carbon New Material Co.,Ltd",上海证券交易所,Shanghai  Exchange,0.251
201,2022-07-29,000905,中证500,CSI 500,002138,顺络电子,Shenzhen Sunlord Electronics Co Ltd,深圳证券交易所,Shenzhen  Exchange,0.247
356,2022-07-29,000905,中证500,CSI 500,002683,广东宏大,"Guangdong Hongda Holdings Group Co., Ltd.",深圳证券交易所,Shenzhen  Exchange,0.246
324,2022-07-29,000905,中证500,CSI 500,300308,中际旭创,"ZHONGJI INNOLIGHT CO., LTD.",深圳证券交易所,Shenzhen  Exchange,0.245
97,2022-07-29,000905,中证500,CSI 500,000998,隆平高科,Yuan Longping High-tech Agriculture Co Ltd,深圳证券交易所,Shenzhen  Exchange,0.244
10,2022-07-29,000905,中证500,CSI 500,600170,上海建工,Shanghai Construction Co Ltd,上海证券交易所,Shanghai  Exchange,0.244
173,2022-07-29,000905,中证500,CSI 500,000400,许继电气,XJ Electric Co Ltd,深圳证券交易所,Shenzhen  Exchange,0.243
160,2022-07-29,000905,中证500,CSI 500,601717,郑煤机,Zhengzhou Coal Mining Machinery Group Co Ltd,上海证券交易所,Shanghai  Exchange,0.24
414,2022-07-29,000905,中证500,CSI 500,300676,华大基因,"BGI Genomics Co., Ltd",深圳证券交易所,Shenzhen  Exchange,0.24
148,2022-07-29,000905,中证500,CSI 500,002156,通富微电,"TongFu Microelectronics Co.,Ltd.",深圳证券交易所,Shenzhen  Exchange,0.239
403,2022-07-29,000905,中证500,CSI 500,603444,吉比特,"G-bits Network Technology(Xiamen)Co., Ltd.",上海证券交易所,Shanghai  Exchange,0.238
213,2022-07-29,000905,中证500,CSI 500,002430,杭氧股份,"HANGZHOU OXYGEN PLANT GROUP CO., LTD.",深圳证券交易所,Shenzhen  Exchange,0.237
310,2022-07-29,000905,中证500,CSI 500,300244,迪安诊断,Zhejiang D.A. Diagnostics Co Ltd,深圳证券交易所,Shenzhen  Exchange,0.237
155,2022-07-29,000905,中证500,CSI 500,002092,中泰化学,"Xinjiang Zhongtai Chemical Co.,Ltd.",深圳证券交易所,Shenzhen  Exchange,0.237
37,2022-07-29,000905,中证500,CSI 500,000960,锡业股份,Yunnan Tin Co Ltd,深圳证券交易所,Shenzhen  Exchange,0.234
114,2022-07-29,000905,中证500,CSI 500,600704,物产中大,Zhejiang Material Industrial Zhongda Yuantong Group Co Ltd,上海证券交易所,Shanghai  Exchange,0.233
384,2022-07-29,000905,中证500,CSI 500,603568,伟明环保,"ZHEJIANG WEIMING ENVIRONMENT PROTECTION CO., LTD.",上海证券交易所,Shanghai  Exchange,0.232
437,2022-07-29,000905,中证500,CSI 500,601577,长沙银行,"BANK OF CHANGSHA CO., LTD.",上海证券交易所,Shanghai  Exchange,0.231
192,2022-07-29,000905,中证500,CSI 500,600372,中航电子,"CHINA AVIONICS SYSTEMS CO.,LTD.",上海证券交易所,Shanghai  Exchange,0.231
152,2022-07-29,000905,中证500,CSI 500,300058,蓝色光标,"Bluefocus Data Technology Co., Ltd.",深圳证券交易所,Shenzhen  Exchange,0.23
234,2022-07-29,000905,中证500,CSI 500,002299,圣农发展,Fujian Sunner Development Co Ltd,深圳证券交易所,Shenzhen  Exchange,0.23
77,2022-07-29,000905,中证500,CSI 500,600236,桂冠电力,Guangxi Guiguan Electric Power Co Ltd,上海证券交易所,Shanghai  Exchange,0.23
73,2022-07-29,000905,中证500,CSI 500,600739,辽宁成大,Liaoning Cheng Da Co Ltd,上海证券交易所,Shanghai  Exchange,0.23
36,2022-07-29,000905,中证500,CSI 500,600546,山煤国际,"Shanxi Coal International Energy Group Co., Ltd",上海证券交易所,Shanghai  Exchange,0.229
42,2022-07-29,000905,中证500,CSI 500,000547,航天发展,"Addsino Co., Ltd",深圳证券交易所,Shenzhen  Exchange,0.228
89,2022-07-29,000905,中证500,CSI 500,600536,中国软件,China National Software & Service Co Ltd,上海证券交易所,Shanghai  Exchange,0.227
21,2022-07-29,000905,中证500,CSI 500,600859,王府井,"Wangfujing Group Co., Ltd.",上海证券交易所,Shanghai  Exchange,0.227
306,2022-07-29,000905,中证500,CSI 500,002557,洽洽食品,Qiaqia Food Co Ltd,深圳证券交易所,Shenzhen  Exchange,0.226
87,2022-07-29,000905,中证500,CSI 500,600415,小商品城,Zhejiang China Commodities City Group Co Ltd,上海证券交易所,Shanghai  Exchange,0.226
108,2022-07-29,000905,中证500,CSI 500,600879,航天电子,"China Aerospace Times Electronics Co.,Ltd.",上海证券交易所,Shanghai  Exchange,0.225
222,2022-07-29,000905,中证500,CSI 500,002409,雅克科技,Jiangsu Yoke Technology Co Ltd,深圳证券交易所,Shenzhen  Exchange,0.225
196,2022-07-29,000905,中证500,CSI 500,600642,申能股份,Shenergy Co Ltd,上海证券交易所,Shanghai  Exchange,0.224
363,2022-07-29,000905,中证500,CSI 500,300357,我武生物,"Zhejiang Wolwo Bio-pharmaceutical Co., Ltd",深圳证券交易所,Shenzhen  Exchange,0.223
290,2022-07-29,000905,中证500,CSI 500,000999,华润三九,China Resources Sanjiu Medical & Pharmaceutical Co Ltd,深圳证券交易所,Shenzhen  Exchange,0.222
218,2022-07-29,000905,中证500,CSI 500,002203,海亮股份,Zhejiang Hailiang Co Ltd,深圳证券交易所,Shenzhen  Exchange,0.221
350,2022-07-29,000905,中证500,CSI 500,000636,风华高科,Guangdong Fenghua Advanced Technology (Holding) Co Ltd,深圳证券交易所,Shenzhen  Exchange,0.22
189,2022-07-29,000905,中证500,CSI 500,600637,东方明珠,"Shanghai Oriental Pearl Media Co., Ltd.",上海证券交易所,Shanghai  Exchange,0.219
177,2022-07-29,000905,中证500,CSI 500,600027,华电国际,Huadian Power International Corporation Ltd,上海证券交易所,Shanghai  Exchange,0.219
145,2022-07-29,000905,中证500,CSI 500,002065,东华软件,"DHC Software Co.,Ltd.",深圳证券交易所,Shenzhen  Exchange,0.216
227,2022-07-29,000905,中证500,CSI 500,300001,特锐德,Qingdao TGOOD Electric Co Ltd,深圳证券交易所,Shenzhen  Exchange,0.215
373,2022-07-29,000905,中证500,CSI 500,002739,万达电影,"WANDA FILM HOLDING CO., LTD",深圳证券交易所,Shenzhen  Exchange,0.215
144,2022-07-29,000905,中证500,CSI 500,002250,联化科技,Lianhe Chemical Technology Co Ltd,深圳证券交易所,Shenzhen  Exchange,0.215
372,2022-07-29,000905,中证500,CSI 500,300418,昆仑万维,"Beijing Kunlun Tech Co., Ltd.",深圳证券交易所,Shenzhen  Exchange,0.214
138,2022-07-29,000905,中证500,CSI 500,000878,云南铜业,Yunnan Copper Co Ltd,深圳证券交易所,Shenzhen  Exchange,0.213
315,2022-07-29,000905,中证500,CSI 500,300253,卫宁健康,"Winning Health Technology Group Co., Ltd.",深圳证券交易所,Shenzhen  Exchange,0.212
245,2022-07-29,000905,中证500,CSI 500,600867,通化东宝,"Tonghua Dongbao Pharmaceutical Co.,Ltd.",上海证券交易所,Shanghai  Exchange,0.211
92,2022-07-29,000905,中证500,CSI 500,600580,卧龙电驱,"Wolong Electric Group Co.,Ltd",上海证券交易所,Shanghai  Exchange,0.211
389,2022-07-29,000905,中证500,CSI 500,300474,景嘉微,"Changsha Jingjia Microelectronics Co., Ltd.",深圳证券交易所,Shenzhen  Exchange,0.209
278,2022-07-29,000905,中证500,CSI 500,002508,老板电器,Hangzhou Robam Appliances Co Ltd,深圳证券交易所,Shenzhen  Exchange,0.209
320,2022-07-29,000905,中证500,CSI 500,000623,吉林敖东,"Jilin Aodong Pharmaceutical Group Co., Ltd.",深圳证券交易所,Shenzhen  Exchange,0.209
149,2022-07-29,000905,中证500,CSI 500,002294,信立泰,Shenzhen Salubris Pharmaceuticals Co Ltd,深圳证券交易所,Shenzhen  Exchange,0.208
260,2022-07-29,000905,中证500,CSI 500,300024,机器人,Siasun Robot & Automation Co Ltd,深圳证券交易所,Shenzhen  Exchange,0.208
251,2022-07-29,000905,中证500,CSI 500,002444,巨星科技,Hangzhou Great Star Industrial Co Ltd,深圳证券交易所,Shenzhen  Exchange,0.207
436,2022-07-29,000905,中证500,CSI 500,002936,郑州银行,"BANK OF ZHENGZHOU CO., LTD.",深圳证券交易所,Shenzhen  Exchange,0.207
103,2022-07-29,000905,中证500,CSI 500,000750,国海证券,"Sealand Securities Co., Ltd.",深圳证券交易所,Shenzhen  Exchange,0.206
376,2022-07-29,000905,中证500,CSI 500,601198,东兴证券,"DONGXING SECURITIES CO., LTD.",上海证券交易所,Shanghai  Exchange,0.206
291,2022-07-29,000905,中证500,CSI 500,600325,华发股份,Huafa Industrial Co Ltd Zhuhai,上海证券交易所,Shanghai  Exchange,0.205
65,2022-07-29,000905,中证500,CSI 500,600118,中国卫星,China Spacesat Co Ltd,上海证券交易所,Shanghai  Exchange,0.205
383,2022-07-29,000905,中证500,CSI 500,603198,迎驾贡酒,"ANHUI YINGJIA DISTILLERY CO., LTD.",上海证券交易所,Shanghai  Exchange,0.204
200,2022-07-29,000905,中证500,CSI 500,002131,利欧股份,"LEO GROUP CO., LTD.",深圳证券交易所,Shenzhen  Exchange,0.204
352,2022-07-29,000905,中证500,CSI 500,300296,利亚德,"Leyard Optoelectronic Co.,Ltd.",深圳证券交易所,Shenzhen  Exchange,0.203
8,2022-07-29,000905,中证500,CSI 500,600166,福田汽车,Beiqi Foton Motor Co Ltd,上海证券交易所,Shanghai  Exchange,0.203
4,2022-07-29,000905,中证500,CSI 500,300017,网宿科技,"Wangsu Science and Technology Co.,Ltd.",深圳证券交易所,Shenzhen  Exchange,0.201
335,2022-07-29,000905,中证500,CSI 500,600985,淮北矿业,"Huaibei Mining Holdings Co.,Ltd.",上海证券交易所,Shanghai  Exchange,0.201
194,2022-07-29,000905,中证500,CSI 500,600038,中直股份,"AVIC Helicopter Co.,Ltd.",上海证券交易所,Shanghai  Exchange,0.201
79,2022-07-29,000905,中证500,CSI 500,600008,首创环保,"Beijing Capital Eco-Environment Protection GroupCo.,Ltd.",上海证券交易所,Shanghai  Exchange,0.201
1,2022-07-29,000905,中证500,CSI 500,002408,齐翔腾达,Zibo Qixiang Tengda Chemical Co Ltd,深圳证券交易所,Shenzhen  Exchange,0.199
59,2022-07-29,000905,中证500,CSI 500,600369,西南证券,Southwest Securities Co Ltd,上海证券交易所,Shanghai  Exchange,0.197
475,2022-07-29,000905,中证500,CSI 500,300832,新产业,"Shenzhen New Industries Biomedical Engineering Co., Ltd.",深圳证券交易所,Shenzhen  Exchange,0.197
191,2022-07-29,000905,中证500,CSI 500,600380,健康元,Joincare Pharmaceutical Group Industry Co Ltd,上海证券交易所,Shanghai  Exchange,0.197
188,2022-07-29,000905,中证500,CSI 500,002195,二三四五,"Shanghai 2345 Network Holding Group Co., Ltd.",深圳证券交易所,Shenzhen  Exchange,0.196
236,2022-07-29,000905,中证500,CSI 500,002372,伟星新材,Zhejiang Weixing New Building Materials Co Ltd,深圳证券交易所,Shenzhen  Exchange,0.195
49,2022-07-29,000905,中证500,CSI 500,000997,新 大 陆,"Newland Digital Technology Co.,Ltd.",深圳证券交易所,Shenzhen  Exchange,0.195
91,2022-07-29,000905,中证500,CSI 500,600529,山东药玻,Shandong Pharmaceutical Glass Co Ltd,上海证券交易所,Shanghai  Exchange,0.194
398,2022-07-29,000905,中证500,CSI 500,300558,贝达药业,"Betta Pharmaceuticals Co.,Ltd",深圳证券交易所,Shenzhen  Exchange,0.194
143,2022-07-29,000905,中证500,CSI 500,002249,大洋电机,Zhongshan Broad-ocean Motor Co Ltd,深圳证券交易所,Shenzhen  Exchange,0.191
417,2022-07-29,000905,中证500,CSI 500,603233,大参林,"DaShenLin Pharmaceutical Group Co., Ltd.",上海证券交易所,Shanghai  Exchange,0.19
193,2022-07-29,000905,中证500,CSI 500,600316,洪都航空,Jiangxi Hongdu Aviation Industry Co Ltd,上海证券交易所,Shanghai  Exchange,0.19
479,2022-07-29,000905,中证500,CSI 500,688256,寒武纪,Cambricon Technologies Corporation Limited,上海证券交易所,Shanghai  Exchange,0.19
296,2022-07-29,000905,中证500,CSI 500,002439,启明星辰,Beijing Venustech Inc.,深圳证券交易所,Shenzhen  Exchange,0.19
400,2022-07-29,000905,中证500,CSI 500,600909,华安证券,"HUAAN SECURITIES CO., LTD.",上海证券交易所,Shanghai  Exchange,0.19
206,2022-07-29,000905,中证500,CSI 500,600171,上海贝岭,Shanghai Belling Corp Ltd,上海证券交易所,Shanghai  Exchange,0.19
121,2022-07-29,000905,中证500,CSI 500,600801,华新水泥,Huaxin Cement Co Ltd,上海证券交易所,Shanghai  Exchange,0.19
339,2022-07-29,000905,中证500,CSI 500,000027,深圳能源,Shenzhen Energy Group Co Ltd,深圳证券交易所,Shenzhen  Exchange,0.189
402,2022-07-29,000905,中证500,CSI 500,603218,日月股份,"Riyue Heavy Industry Co.,Ltd.",上海证券交易所,Shanghai  Exchange,0.189
141,2022-07-29,000905,中证500,CSI 500,601005,重庆钢铁,Chongqing Iron & Steel Co Ltd,上海证券交易所,Shanghai  Exchange,0.188
366,2022-07-29,000905,中证500,CSI 500,300383,光环新网,"Beijing Sinnet Technology Co., Ltd.",深圳证券交易所,Shenzhen  Exchange,0.188
474,2022-07-29,000905,中证500,CSI 500,002985,北摩高科,"BEIJING BEI MO GAO KE FRICTION MATERIAL CO., LTD.",深圳证券交易所,Shenzhen  Exchange,0.188
449,2022-07-29,000905,中证500,CSI 500,002958,青农商行,Qingdao Rural Commercial Bank Corporation,深圳证券交易所,Shenzhen  Exchange,0.188
221,2022-07-29,000905,中证500,CSI 500,300070,碧水源,Beijing Originwater Technology Co Ltd,深圳证券交易所,Shenzhen  Exchange,0.188
61,2022-07-29,000905,中证500,CSI 500,600820,隧道股份,Shanghai Tunnel Engineering Co Ltd,上海证券交易所,Shanghai  Exchange,0.187
25,2022-07-29,000905,中证500,CSI 500,600315,上海家化,Shanghai Jahwa United Co Ltd,上海证券交易所,Shanghai  Exchange,0.187
22,2022-07-29,000905,中证500,CSI 500,600863,内蒙华电,Inner Mongolia Mengdian Huaneng Thermal Power Corp Ltd,上海证券交易所,Shanghai  Exchange,0.186
327,2022-07-29,000905,中证500,CSI 500,000050,深天马A,Tianma Microelectronics Co Ltd,深圳证券交易所,Shenzhen  Exchange,0.186
344,2022-07-29,000905,中证500,CSI 500,000513,丽珠集团,Livzon Pharmaceutical Group Inc,深圳证券交易所,Shenzhen  Exchange,0.185
276,2022-07-29,000905,中证500,CSI 500,600271,航天信息,"Aisino Co.,Ltd",上海证券交易所,Shanghai  Exchange,0.185
298,2022-07-29,000905,中证500,CSI 500,002244,滨江集团,Hangzhou Binjiang Real Estate Group Co Ltd,深圳证券交易所,Shenzhen  Exchange,0.184
266,2022-07-29,000905,中证500,CSI 500,000709,河钢股份,HESTEEL COMPANY LIMITED,深圳证券交易所,Shenzhen  Exchange,0.184
463,2022-07-29,000905,中证500,CSI 500,002966,苏州银行,"BANK OF SUZHOU CO., LTD.",深圳证券交易所,Shenzhen  Exchange,0.183
5,2022-07-29,000905,中证500,CSI 500,002500,山西证券,Shanxi Securities Co Ltd,深圳证券交易所,Shenzhen  Exchange,0.183
223,2022-07-29,000905,中证500,CSI 500,002183,怡亚通,Eternal Asia Supply Chain Management Ltd,深圳证券交易所,Shenzhen  Exchange,0.183
427,2022-07-29,000905,中证500,CSI 500,002926,华西证券,"Huaxi Securities Co., Ltd.",深圳证券交易所,Shenzhen  Exchange,0.182
81,2022-07-29,000905,中证500,CSI 500,600258,首旅酒店,"BTG Hotels (Group) Co., Ltd.",上海证券交易所,Shanghai  Exchange,0.182
20,2022-07-29,000905,中证500,CSI 500,600848,上海临港,Shanghai Lingang Holdings Corporation Limited,上海证券交易所,Shanghai  Exchange,0.182
216,2022-07-29,000905,中证500,CSI 500,002505,鹏都农牧,"PENGDU AGRICULTURE & ANIMAL HUSBANDRY CO.,LTD.",深圳证券交易所,Shenzhen  Exchange,0.182
328,2022-07-29,000905,中证500,CSI 500,000060,中金岭南,Shenzhen Zhongjin Lingnan Nonfemet Co Ltd,深圳证券交易所,Shenzhen  Exchange,0.182
351,2022-07-29,000905,中证500,CSI 500,000729,燕京啤酒,Beijing Yanjing Brewery Co Ltd,深圳证券交易所,Shenzhen  Exchange,0.182
407,2022-07-29,000905,中证500,CSI 500,300618,寒锐钴业,"Nanjing Hanrui Cobalt Co.,Ltd.",深圳证券交易所,Shenzhen  Exchange,0.181
482,2022-07-29,000905,中证500,CSI 500,688521,芯原股份,"VeriSilicon Microelectronics (Shanghai) Co., Ltd.",上海证券交易所,Shanghai  Exchange,0.179
262,2022-07-29,000905,中证500,CSI 500,002152,广电运通,GRG Banking Equipment Co Ltd,深圳证券交易所,Shenzhen  Exchange,0.178
190,2022-07-29,000905,中证500,CSI 500,600528,中铁工业,China Railway Hi-tech Industry Corporation Limited,上海证券交易所,Shanghai  Exchange,0.177
261,2022-07-29,000905,中证500,CSI 500,300026,红日药业,Tianjin Chase Sun Pharmaceutical Co Ltd,深圳证券交易所,Shenzhen  Exchange,0.177
17,2022-07-29,000905,中证500,CSI 500,600208,新湖中宝,Xinhu Zhongbao Co Ltd,上海证券交易所,Shanghai  Exchange,0.177
102,2022-07-29,000905,中证500,CSI 500,000739,普洛药业,"Apeloa Pharmaceutical Co., Ltd.",深圳证券交易所,Shenzhen  Exchange,0.177
457,2022-07-29,000905,中证500,CSI 500,688009,中国通号,China Railway Signal & Communication Corporation Limited,上海证券交易所,Shanghai  Exchange,0.177
304,2022-07-29,000905,中证500,CSI 500,002572,索菲亚,Suofeiya Home Collection Co Ltd,深圳证券交易所,Shenzhen  Exchange,0.177
235,2022-07-29,000905,中证500,CSI 500,002373,千方科技,Surekam Corporation,深圳证券交易所,Shenzhen  Exchange,0.176
267,2022-07-29,000905,中证500,CSI 500,000825,太钢不锈,Shanxi Taigang Stainless Steel Co Ltd,深圳证券交易所,Shenzhen  Exchange,0.175
286,2022-07-29,000905,中证500,CSI 500,300182,捷成股份,Beijing Jetsen Technology Co Ltd,深圳证券交易所,Shenzhen  Exchange,0.175
178,2022-07-29,000905,中证500,CSI 500,600970,中材国际,Sinoma International Engineering Co Ltd,上海证券交易所,Shanghai  Exchange,0.174
481,2022-07-29,000905,中证500,CSI 500,688185,康希诺,CanSino Biologics Inc.,上海证券交易所,Shanghai  Exchange,0.174
204,2022-07-29,000905,中证500,CSI 500,601866,中远海发,"COSCO SHIPPING Development Co.,Ltd.",上海证券交易所,Shanghai  Exchange,0.173
285,2022-07-29,000905,中证500,CSI 500,300168,万达信息,Wonders Information Co Ltd,深圳证券交易所,Shenzhen  Exchange,0.172
338,2022-07-29,000905,中证500,CSI 500,000021,深科技,"Shenzhen Kaifa Technology Co., Ltd.",深圳证券交易所,Shenzhen  Exchange,0.171
135,2022-07-29,000905,中证500,CSI 500,000690,宝新能源,"Guangdong Baolihua New Energy Stock Co.,Ltd",深圳证券交易所,Shenzhen  Exchange,0.171
317,2022-07-29,000905,中证500,CSI 500,601992,金隅集团,BBMG Corporation,上海证券交易所,Shanghai  Exchange,0.171
32,2022-07-29,000905,中证500,CSI 500,002124,天邦食品,"Tech-bank Food Co.,Ltd.",深圳证券交易所,Shenzhen  Exchange,0.171
19,2022-07-29,000905,中证500,CSI 500,600839,四川长虹,Sichuan Changhong Electric Co Ltd,上海证券交易所,Shanghai  Exchange,0.171
208,2022-07-29,000905,中证500,CSI 500,600297,广汇汽车,"China Grand Automotive Services Co., Ltd.",上海证券交易所,Shanghai  Exchange,0.17
60,2022-07-29,000905,中证500,CSI 500,600390,五矿资本,Minmetals Capital Company Limited,上海证券交易所,Shanghai  Exchange,0.169
179,2022-07-29,000905,中证500,CSI 500,002212,天融信,Topsec Technologies Group Inc.,深圳证券交易所,Shenzhen  Exchange,0.169
56,2022-07-29,000905,中证500,CSI 500,600056,中国医药,"China Meheco Co.,Ltd.",上海证券交易所,Shanghai  Exchange,0.169
399,2022-07-29,000905,中证500,CSI 500,603858,步长制药,"SHANDONG BUCHANG PHARMACEUTICALS CO., LTD.",上海证券交易所,Shanghai  Exchange,0.168
464,2022-07-29,000905,中证500,CSI 500,688188,柏楚电子,SHANGHAI FRIENDESS ELECTRONICS TECHNOLOGY CORPORATION LIMITED,上海证券交易所,Shanghai  Exchange,0.168
395,2022-07-29,000905,中证500,CSI 500,603658,安图生物,"Autobio Diagnostics Co., Ltd.",上海证券交易所,Shanghai  Exchange,0.167
66,2022-07-29,000905,中证500,CSI 500,600667,太极实业,Wuxi Taiji Industrial Co Ltd,上海证券交易所,Shanghai  Exchange,0.166
215,2022-07-29,000905,中证500,CSI 500,600998,九州通,Jointown Pharmaceutical Group Co Ltd,上海证券交易所,Shanghai  Exchange,0.165
416,2022-07-29,000905,中证500,CSI 500,300677,英科医疗,"Intco Medical Technology Co.,Ltd.",深圳证券交易所,Shenzhen  Exchange,0.165
137,2022-07-29,000905,中证500,CSI 500,000778,新兴铸管,Xinxing Ductile Iron Pipes Co Ltd,深圳证券交易所,Shenzhen  Exchange,0.164
297,2022-07-29,000905,中证500,CSI 500,002396,星网锐捷,Fujian Star-net Communication Co Ltd,深圳证券交易所,Shenzhen  Exchange,0.163
163,2022-07-29,000905,中证500,CSI 500,600066,宇通客车,Zhengzhou Yutong Bus Co Ltd,上海证券交易所,Shanghai  Exchange,0.163
228,2022-07-29,000905,中证500,CSI 500,300009,安科生物,Anhui Anke Biotechnology (Group) Co Ltd,深圳证券交易所,Shenzhen  Exchange,0.163
147,2022-07-29,000905,中证500,CSI 500,002155,湖南黄金,Hunan Gold Corporation Limited,深圳证券交易所,Shenzhen  Exchange,0.162
44,2022-07-29,000905,中证500,CSI 500,601179,中国西电,China XD Electric Co Ltd,上海证券交易所,Shanghai  Exchange,0.161
428,2022-07-29,000905,中证500,CSI 500,603156,养元饮品,"Hebei Yangyuan ZhiHui Beverage Co., Ltd.",上海证券交易所,Shanghai  Exchange,0.161
343,2022-07-29,000905,中证500,CSI 500,000401,冀东水泥,Tangshan Jidong Cement Co Ltd,深圳证券交易所,Shenzhen  Exchange,0.16
106,2022-07-29,000905,中证500,CSI 500,600498,烽火通信,Fiberhome Telecommunication Technologies Co Ltd,上海证券交易所,Shanghai  Exchange,0.16
249,2022-07-29,000905,中证500,CSI 500,002128,电投能源,INNER MONGOLIA DIAN TOU ENERGY CORPORATION LIMITED,深圳证券交易所,Shenzhen  Exchange,0.159
305,2022-07-29,000905,中证500,CSI 500,002532,天山铝业,"TIANSHAN ALUMINUM GROUP CO.,LTD.",深圳证券交易所,Shenzhen  Exchange,0.158
401,2022-07-29,000905,中证500,CSI 500,002831,裕同科技,"ShenZhen YUTO Packaging Technology Co., Ltd.",深圳证券交易所,Shenzhen  Exchange,0.158
54,2022-07-29,000905,中证500,CSI 500,600060,海信视像,"Hisense Visual Technology Co., Ltd.",上海证券交易所,Shanghai  Exchange,0.158
455,2022-07-29,000905,中证500,CSI 500,688002,睿创微纳,"Raytron Technology Co.,Ltd",上海证券交易所,Shanghai  Exchange,0.158
225,2022-07-29,000905,中证500,CSI 500,002266,浙富控股,"ZHEFU HOLDING GROUP CO., LTD",深圳证券交易所,Shenzhen  Exchange,0.157
364,2022-07-29,000905,中证500,CSI 500,300376,易事特,"East Group Co.,Ltd",深圳证券交易所,Shenzhen  Exchange,0.157
51,2022-07-29,000905,中证500,CSI 500,600021,上海电力,Shanghai Electric Power Co Ltd,上海证券交易所,Shanghai  Exchange,0.157
476,2022-07-29,000905,中证500,CSI 500,601778,晶科科技,"Jinko Power Technology Co., Ltd.",上海证券交易所,Shanghai  Exchange,0.157
85,2022-07-29,000905,中证500,CSI 500,600598,北大荒,Heilongjiang Agriculture Co Ltd,上海证券交易所,Shanghai  Exchange,0.155
387,2022-07-29,000905,中证500,CSI 500,300482,万孚生物,"GUANGZHOU WONDFO BIOTECH CO.,LTD",深圳证券交易所,Shenzhen  Exchange,0.155
471,2022-07-29,000905,中证500,CSI 500,688208,道通科技,"Autel Intelligent Technology Corp.,Ltd.",上海证券交易所,Shanghai  Exchange,0.154
128,2022-07-29,000905,中证500,CSI 500,600511,国药股份,China National Medicines Corp Ltd,上海证券交易所,Shanghai  Exchange,0.154
116,2022-07-29,000905,中证500,CSI 500,600718,东软集团,Neusoft Corporation,上海证券交易所,Shanghai  Exchange,0.154
273,2022-07-29,000905,中证500,CSI 500,000883,湖北能源,Hubei Energy Group Co Ltd,深圳证券交易所,Shenzhen  Exchange,0.153
248,2022-07-29,000905,中证500,CSI 500,002127,南极电商,"NanJi E-Commerce Co., LTD",深圳证券交易所,Shenzhen  Exchange,0.153
277,2022-07-29,000905,中证500,CSI 500,600517,国网英大,"STATE GRID YINGDA CO.,LTD.",上海证券交易所,Shanghai  Exchange,0.153
205,2022-07-29,000905,中证500,CSI 500,600155,华创阳安,"Polaris Bay Group Co.,Ltd.",上海证券交易所,Shanghai  Exchange,0.152
312,2022-07-29,000905,中证500,CSI 500,300251,光线传媒,Beijing Enlight Media Co Ltd,深圳证券交易所,Shenzhen  Exchange,0.152
132,2022-07-29,000905,中证500,CSI 500,000656,金科股份,"Jinke Property Group Co.,Ltd.",深圳证券交易所,Shenzhen  Exchange,0.152
348,2022-07-29,000905,中证500,CSI 500,000581,威孚高科,Weifu High-Technology Group Co Ltd,深圳证券交易所,Shenzhen  Exchange,0.152
134,2022-07-29,000905,中证500,CSI 500,000686,东北证券,Northeast Securities Co Ltd,深圳证券交易所,Shenzhen  Exchange,0.151
93,2022-07-29,000905,中证500,CSI 500,000930,中粮科技,"COFCO BIOTECHNOLOGY CO., LTD.",深圳证券交易所,Shenzhen  Exchange,0.151
256,2022-07-29,000905,中证500,CSI 500,300115,长盈精密,Shenzhen Evenwin Precision Technology Co Ltd,深圳证券交易所,Shenzhen  Exchange,0.151
323,2022-07-29,000905,中证500,CSI 500,002670,国盛金控,Guosheng Financial Holding Inc.,深圳证券交易所,Shenzhen  Exchange,0.15
209,2022-07-29,000905,中证500,CSI 500,600216,浙江医药,Zhejiang Medicine Co Ltd,上海证券交易所,Shanghai  Exchange,0.15
47,2022-07-29,000905,中证500,CSI 500,000987,越秀金控,"Guangzhou Yuexiu Financial Holdings Group Co., Ltd.",深圳证券交易所,Shenzhen  Exchange,0.15
13,2022-07-29,000905,中证500,CSI 500,600259,广晟有色,"Rising Nonferrous Metals Share Co., Ltd.",上海证券交易所,Shanghai  Exchange,0.15
280,2022-07-29,000905,中证500,CSI 500,601880,辽港股份,"Liaoning Port Co., Ltd.",上海证券交易所,Shanghai  Exchange,0.149
378,2022-07-29,000905,中证500,CSI 500,600959,江苏有线,Jiangsu Broadcasting Cable Information Network Corporation Limited,上海证券交易所,Shanghai  Exchange,0.149
230,2022-07-29,000905,中证500,CSI 500,002221,东华能源,Oriental Energy Co Ltd,深圳证券交易所,Shenzhen  Exchange,0.149
180,2022-07-29,000905,中证500,CSI 500,002191,劲嘉股份,"SHENZHEN JINJIA GROUP CO.,LTD.",深圳证券交易所,Shenzhen  Exchange,0.148
429,2022-07-29,000905,中证500,CSI 500,603712,七一二,"Tianjin 712 Communication & Broadcasting Co.,Ltd",上海证券交易所,Shanghai  Exchange,0.148
168,2022-07-29,000905,中证500,CSI 500,600201,生物股份,"Jinyu Bio-Technology Co.,Ltd.",上海证券交易所,Shanghai  Exchange,0.147
207,2022-07-29,000905,中证500,CSI 500,600282,南钢股份,Nanjing Iron & Steel Co Ltd,上海证券交易所,Shanghai  Exchange,0.146
174,2022-07-29,000905,中证500,CSI 500,002004,华邦健康,"HUAPONT LIFE SCIENCES CO., LTD.",深圳证券交易所,Shenzhen  Exchange,0.145
242,2022-07-29,000905,中证500,CSI 500,600827,百联股份,"Shanghai Bailian Group Co.,Ltd.",上海证券交易所,Shanghai  Exchange,0.144
172,2022-07-29,000905,中证500,CSI 500,600022,山东钢铁,SHANDONG IRON AND STEEL COMPANY LTD,上海证券交易所,Shanghai  Exchange,0.143
175,2022-07-29,000905,中证500,CSI 500,002002,鸿达兴业,"Hongda Xingye Co., Ltd.",深圳证券交易所,Shenzhen  Exchange,0.143
182,2022-07-29,000905,中证500,CSI 500,002468,申通快递,"STO Express Co.,Ltd.",深圳证券交易所,Shenzhen  Exchange,0.142
53,2022-07-29,000905,中证500,CSI 500,600755,厦门国贸,Xiamen International Trade Group Corp Ltd,上海证券交易所,Shanghai  Exchange,0.142
122,2022-07-29,000905,中证500,CSI 500,600535,天士力,"TASLY PHARMACEUTICAL GROUP CO.,LTD",上海证券交易所,Shanghai  Exchange,0.142
361,2022-07-29,000905,中证500,CSI 500,002701,奥瑞金,"ORG Packaging Co.,Ltd.",深圳证券交易所,Shenzhen  Exchange,0.142
337,2022-07-29,000905,中证500,CSI 500,000012,南  玻A,CSG Holding Co Ltd,深圳证券交易所,Shenzhen  Exchange,0.142
319,2022-07-29,000905,中证500,CSI 500,000598,兴蓉环境,"Chengdu Xingrong Environment Co., Ltd.",深圳证券交易所,Shenzhen  Exchange,0.142
199,2022-07-29,000905,中证500,CSI 500,601718,际华集团,Jihua Group Co Ltd,上海证券交易所,Shanghai  Exchange,0.141
415,2022-07-29,000905,中证500,CSI 500,603707,健友股份,"Nanjing King-Friend Biochemical Pharmaceutical Co., Ltd",上海证券交易所,Shanghai  Exchange,0.141
456,2022-07-29,000905,中证500,CSI 500,688006,杭可科技,Zhejiang HangKe Technology Incorporated Company,上海证券交易所,Shanghai  Exchange,0.141
118,2022-07-29,000905,中证500,CSI 500,600895,张江高科,Shanghai Zhangjiang Hi-tech Park Development Co Ltd,上海证券交易所,Shanghai  Exchange,0.14
164,2022-07-29,000905,中证500,CSI 500,600728,佳都科技,"Pci-Suntek Technology Co., Ltd.",上海证券交易所,Shanghai  Exchange,0.14
76,2022-07-29,000905,中证500,CSI 500,600567,山鹰国际,"Shanying International Holdings Co., Ltd.",上海证券交易所,Shanghai  Exchange,0.14
75,2022-07-29,000905,中证500,CSI 500,600500,中化国际,Sinochem International Corp,上海证券交易所,Shanghai  Exchange,0.14
263,2022-07-29,000905,中证500,CSI 500,002153,石基信息,Beijing Shiji Information Technology Co Ltd,深圳证券交易所,Shenzhen  Exchange,0.139
486,2022-07-29,000905,中证500,CSI 500,300888,稳健医疗,"Winner Medical Co., Ltd.",深圳证券交易所,Shenzhen  Exchange,0.139
308,2022-07-29,000905,中证500,CSI 500,002595,豪迈科技,Shandong Himile Mechanical Science & Technology Co Ltd,深圳证券交易所,Shenzhen  Exchange,0.138
74,2022-07-29,000905,中证500,CSI 500,002019,亿帆医药,"YIFAN PHARMACEUTICAL CO.,LTD",深圳证券交易所,Shenzhen  Exchange,0.138
313,2022-07-29,000905,中证500,CSI 500,002511,中顺洁柔,C&S Paper Co Ltd,深圳证券交易所,Shenzhen  Exchange,0.137
214,2022-07-29,000905,中证500,CSI 500,002429,兆驰股份,Shenzhen MTC Co Ltd,深圳证券交易所,Shenzhen  Exchange,0.137
381,2022-07-29,000905,中证500,CSI 500,603885,吉祥航空,"JUNEYAO AIRLINES Co., Ltd",上海证券交易所,Shanghai  Exchange,0.137
255,2022-07-29,000905,中证500,CSI 500,601106,中国一重,China First Heavy Industries Co Ltd,上海证券交易所,Shanghai  Exchange,0.136
346,2022-07-29,000905,中证500,CSI 500,000559,万向钱潮,Wanxiang Qianchao Co Ltd,深圳证券交易所,Shenzhen  Exchange,0.135
15,2022-07-29,000905,中证500,CSI 500,600037,歌华有线,Beijing Gehua CATV Network Co Ltd,上海证券交易所,Shanghai  Exchange,0.135
198,2022-07-29,000905,中证500,CSI 500,600663,陆家嘴,Shanghai Lujiazui Finance and Trade Zone Development Co Ltd,上海证券交易所,Shanghai  Exchange,0.135
374,2022-07-29,000905,中证500,CSI 500,002745,木林森,"MLS Co.,LTD.",深圳证券交易所,Shenzhen  Exchange,0.135
34,2022-07-29,000905,中证500,CSI 500,600062,华润双鹤,"CHINA RESOURCES DOUBLE-CRANE PHARMACEUTICAL CO.,LTD.",上海证券交易所,Shanghai  Exchange,0.135
105,2022-07-29,000905,中证500,CSI 500,600566,济川药业,"HUBEI JUMPCAN PHARMACEUTICAL CO., LTD.",上海证券交易所,Shanghai  Exchange,0.134
112,2022-07-29,000905,中证500,CSI 500,600782,新钢股份,"Xinyu Iron & Steel Co.,Ltd.",上海证券交易所,Shanghai  Exchange,0.134
484,2022-07-29,000905,中证500,CSI 500,688289,圣湘生物,Sansure Biotech Inc.,上海证券交易所,Shanghai  Exchange,0.133
293,2022-07-29,000905,中证500,CSI 500,600409,三友化工,Tangshan Sanyou Chemical Industries Co Ltd,上海证券交易所,Shanghai  Exchange,0.132
259,2022-07-29,000905,中证500,CSI 500,601958,金钼股份,Jinduicheng Molybdenum Co Ltd,上海证券交易所,Shanghai  Exchange,0.131
88,2022-07-29,000905,中证500,CSI 500,600582,天地科技,Tiandi Science & Technology Co Ltd,上海证券交易所,Shanghai  Exchange,0.13
439,2022-07-29,000905,中证500,CSI 500,002939,长城证券,"CHINA GREAT WALL SECURITIES CO., LTD.",深圳证券交易所,Shenzhen  Exchange,0.13
140,2022-07-29,000905,中证500,CSI 500,002048,宁波华翔,Ningbo Huaxiang Electronic Co Ltd,深圳证券交易所,Shenzhen  Exchange,0.13
123,2022-07-29,000905,中证500,CSI 500,600597,光明乳业,Bright Dairy & Food Co Ltd,上海证券交易所,Shanghai  Exchange,0.13
467,2022-07-29,000905,中证500,CSI 500,603927,中科软,"Sinosoft Co.,Ltd",上海证券交易所,Shanghai  Exchange,0.129
294,2022-07-29,000905,中证500,CSI 500,600435,北方导航,"North Navigation Control Technology Co., Ltd.",上海证券交易所,Shanghai  Exchange,0.129
284,2022-07-29,000905,中证500,CSI 500,300166,东方国信,"Beijing Orient National Communication Science and Technology Co.,Ltd.",深圳证券交易所,Shenzhen  Exchange,0.129
238,2022-07-29,000905,中证500,CSI 500,300072,海新能科,"Beijing Haixin Energy Technology Co., Ltd.",深圳证券交易所,Shenzhen  Exchange,0.128
441,2022-07-29,000905,中证500,CSI 500,601860,紫金银行,"Jiangsu Zijin Rural Commercial Bank Co., Ltd.",上海证券交易所,Shanghai  Exchange,0.128
382,2022-07-29,000905,中证500,CSI 500,300463,迈克生物,"Sichuan Maker Biotechnology Co.,Ltd",深圳证券交易所,Shenzhen  Exchange,0.127
6,2022-07-29,000905,中证500,CSI 500,600131,国网信通,"State Grid Information&Communication Co.,Ltd.",上海证券交易所,Shanghai  Exchange,0.125
55,2022-07-29,000905,中证500,CSI 500,600064,南京高科,NANJING GAOKE COMPANY LIMITED,上海证券交易所,Shanghai  Exchange,0.125
104,2022-07-29,000905,中证500,CSI 500,000785,居然之家,"EASYHOME NEW RETAIL GROUP CO., LTD",深圳证券交易所,Shenzhen  Exchange,0.124
333,2022-07-29,000905,中证500,CSI 500,600572,康恩贝,Zhejiang Conba Pharmaceutical Co Ltd,上海证券交易所,Shanghai  Exchange,0.124
184,2022-07-29,000905,中证500,CSI 500,002368,太极股份,Taiji Computer Co Ltd,深圳证券交易所,Shenzhen  Exchange,0.124
492,2022-07-29,000905,中证500,CSI 500,003035,南网能源,"China Southern Power Grid Energy Efficiency&Clean Energy Co.,Ltd.",深圳证券交易所,Shenzhen  Exchange,0.123
295,2022-07-29,000905,中证500,CSI 500,600507,方大特钢,"Fangda Special Steel Technology Co.,Ltd",上海证券交易所,Shanghai  Exchange,0.122
69,2022-07-29,000905,中证500,CSI 500,600737,中粮糖业,"COFCO SUGAR HOLDING CO.,LTD.",上海证券交易所,Shanghai  Exchange,0.122
57,2022-07-29,000905,中证500,CSI 500,600398,海澜之家,"Heilan Home Co.,Ltd",上海证券交易所,Shanghai  Exchange,0.122
157,2022-07-29,000905,中证500,CSI 500,600967,内蒙一机,"Inner Mongolia First Machinery Group Co.,Ltd.",上海证券交易所,Shanghai  Exchange,0.121
239,2022-07-29,000905,中证500,CSI 500,601000,唐山港,Tangshan Port Group Co Ltd,上海证券交易所,Shanghai  Exchange,0.12
23,2022-07-29,000905,中证500,CSI 500,600871,石化油服,Sinopec Oilfield Service Corporation,上海证券交易所,Shanghai  Exchange,0.12
281,2022-07-29,000905,中证500,CSI 500,601118,海南橡胶,China Hainan Rubber Industry Group Co Ltd,上海证券交易所,Shanghai  Exchange,0.12
377,2022-07-29,000905,中证500,CSI 500,603883,老百姓,Laobaixing Pharmacy Chain Joint Stock Company,上海证券交易所,Shanghai  Exchange,0.12
360,2022-07-29,000905,中证500,CSI 500,002690,美亚光电,Hefei Meiya Optoelectronic Technology Inc.,深圳证券交易所,Shenzhen  Exchange,0.119
412,2022-07-29,000905,中证500,CSI 500,603225,新凤鸣,"Xinfengming Group Co.,Ltd.",上海证券交易所,Shanghai  Exchange,0.119
480,2022-07-29,000905,中证500,CSI 500,601456,国联证券,"Guolian Securities Co.,Ltd.",上海证券交易所,Shanghai  Exchange,0.119
165,2022-07-29,000905,中证500,CSI 500,600808,马钢股份,Maanshan Iron and Steel Co Ltd,上海证券交易所,Shanghai  Exchange,0.118
362,2022-07-29,000905,中证500,CSI 500,002705,新宝股份,"Guangdong Xinbao Electrical Appliances Holdings Co., Ltd",深圳证券交易所,Shenzhen  Exchange,0.117
409,2022-07-29,000905,中证500,CSI 500,300630,普利制药,"Hainan Poly Pharm. Co., Ltd.",深圳证券交易所,Shenzhen  Exchange,0.117
388,2022-07-29,000905,中证500,CSI 500,603866,桃李面包,"Toly Bread Co., Ltd.",上海证券交易所,Shanghai  Exchange,0.116
226,2022-07-29,000905,中证500,CSI 500,002281,光迅科技,Accelink Technologies Co Ltd,深圳证券交易所,Shenzhen  Exchange,0.116
345,2022-07-29,000905,中证500,CSI 500,000540,中天金融,Zhongtian Financial Group Company Limited,深圳证券交易所,Shenzhen  Exchange,0.114
71,2022-07-29,000905,中证500,CSI 500,600811,东方集团,Orient Group Incorporation,上海证券交易所,Shanghai  Exchange,0.114
41,2022-07-29,000905,中证500,CSI 500,000537,广宇发展,Tianjin Guangyu Development Co Ltd,深圳证券交易所,Shenzhen  Exchange,0.113
487,2022-07-29,000905,中证500,CSI 500,601568,北元集团,"Shaanxi Beiyuan Chemical Industry Group Co., Ltd.",上海证券交易所,Shanghai  Exchange,0.113
269,2022-07-29,000905,中证500,CSI 500,000898,鞍钢股份,Angang Steel Co Ltd,深圳证券交易所,Shenzhen  Exchange,0.112
358,2022-07-29,000905,中证500,CSI 500,601608,中信重工,"CITIC HEAVY INDUSTRIES CO., LTD.",上海证券交易所,Shanghai  Exchange,0.112
159,2022-07-29,000905,中证500,CSI 500,000158,常山北明,"Shijiazhuang ChangShan BeiMing Technology Co., Ltd",深圳证券交易所,Shenzhen  Exchange,0.112
287,2022-07-29,000905,中证500,CSI 500,000937,冀中能源,Jizhong Energy Resources Co Ltd,深圳证券交易所,Shenzhen  Exchange,0.111
466,2022-07-29,000905,中证500,CSI 500,688321,微芯生物,"Shenzhen Chipscreen Biosciences Co., Ltd.",上海证券交易所,Shanghai  Exchange,0.111
110,2022-07-29,000905,中证500,CSI 500,600764,中国海防,China Shipbuilding Industry Group and Marine Defense Information Against Limited,上海证券交易所,Shanghai  Exchange,0.11
26,2022-07-29,000905,中证500,CSI 500,600556,天下秀,"Inmyshow Digital Technology (Group) Co., Ltd.",上海证券交易所,Shanghai  Exchange,0.11
212,2022-07-29,000905,中证500,CSI 500,601333,广深铁路,Guangshen Railway Company Limited,上海证券交易所,Shanghai  Exchange,0.109
233,2022-07-29,000905,中证500,CSI 500,601991,大唐发电,"Datang International Power Generation Co.,Ltd.",上海证券交易所,Shanghai  Exchange,0.109
342,2022-07-29,000905,中证500,CSI 500,000089,深圳机场,Shenzhen Airport Co Ltd,深圳证券交易所,Shenzhen  Exchange,0.109
307,2022-07-29,000905,中证500,CSI 500,300212,易华录,"BEIJING E-HUALU INFORMATION TECHNOLOGY CO., LTD",深圳证券交易所,Shenzhen  Exchange,0.109
35,2022-07-29,000905,中证500,CSI 500,600120,浙江东方,Zhejiang Orient Holdings Co Ltd,上海证券交易所,Shanghai  Exchange,0.108
470,2022-07-29,000905,中证500,CSI 500,001914,招商积余,"China Merchants Property Operation & Service Co., Ltd.",深圳证券交易所,Shenzhen  Exchange,0.108
187,2022-07-29,000905,中证500,CSI 500,002233,塔牌集团,Guangdong Tapai Group Co Ltd,深圳证券交易所,Shenzhen  Exchange,0.107
27,2022-07-29,000905,中证500,CSI 500,600195,中牧股份,China Animal Husbandry Industry Co Ltd,上海证券交易所,Shanghai  Exchange,0.107
331,2022-07-29,000905,中证500,CSI 500,000402,金 融 街,Financial Street Holding Co Ltd,深圳证券交易所,Shenzhen  Exchange,0.107
330,2022-07-29,000905,中证500,CSI 500,000156,华数传媒,"WASU MEDIA HOLDING CO., LTD",深圳证券交易所,Shenzhen  Exchange,0.107
28,2022-07-29,000905,中证500,CSI 500,600167,联美控股,"Luenmei Holding Co.,Ltd",上海证券交易所,Shanghai  Exchange,0.106
219,2022-07-29,000905,中证500,CSI 500,002110,三钢闽光,"Sansteel Minguang Co.,Ltd.Fujian",深圳证券交易所,Shenzhen  Exchange,0.106
411,2022-07-29,000905,中证500,CSI 500,601200,上海环境,"Shanghai Environment Group Co., Ltd.",上海证券交易所,Shanghai  Exchange,0.105
460,2022-07-29,000905,中证500,CSI 500,688088,虹软科技,ArcSoft Corporation Limited,上海证券交易所,Shanghai  Exchange,0.105
301,2022-07-29,000905,中证500,CSI 500,000488,晨鸣纸业,Shandong Chenming Paper Holdings Ltd,深圳证券交易所,Shenzhen  Exchange,0.104
258,2022-07-29,000905,中证500,CSI 500,002434,万里扬,"Zhejiang Wanliyang Co., Ltd.",深圳证券交易所,Shenzhen  Exchange,0.104
133,2022-07-29,000905,中证500,CSI 500,000685,中山公用,Zhongshan Public Utilities Group Co Ltd,深圳证券交易所,Shenzhen  Exchange,0.103
288,2022-07-29,000905,中证500,CSI 500,000959,首钢股份,Beijing Shougang Co Ltd,深圳证券交易所,Shenzhen  Exchange,0.103
211,2022-07-29,000905,中证500,CSI 500,002390,信邦制药,Guizhou Xinbang Pharmaceutical Co Ltd,深圳证券交易所,Shenzhen  Exchange,0.103
392,2022-07-29,000905,中证500,CSI 500,601611,中国核建,China Nuclear Engineering Corporation Limited,上海证券交易所,Shanghai  Exchange,0.103
257,2022-07-29,000905,中证500,CSI 500,002174,游族网络,"YOUZU Interactive CO., LTD.",深圳证券交易所,Shenzhen  Exchange,0.103
186,2022-07-29,000905,中证500,CSI 500,002081,金螳螂,Suzhou Gold Mantis Construction Decoration Co Ltd,深圳证券交易所,Shenzhen  Exchange,0.102
29,2022-07-29,000905,中证500,CSI 500,600126,杭钢股份,Hang Zhou Iron & Steel Co Ltd,上海证券交易所,Shanghai  Exchange,0.102
39,2022-07-29,000905,中证500,CSI 500,000967,盈峰环境,Infore Environment Technology Group Co. Ltd.,深圳证券交易所,Shenzhen  Exchange,0.101
405,2022-07-29,000905,中证500,CSI 500,603638,艾迪精密,"Yantai Eddie Precision Machinery Co., Ltd.",上海证券交易所,Shanghai  Exchange,0.1
30,2022-07-29,000905,中证500,CSI 500,601098,中南传媒,China South Publishing & Media Group Co Ltd,上海证券交易所,Shanghai  Exchange,0.1
202,2022-07-29,000905,中证500,CSI 500,002010,传化智联,"Transfar Zhilian Co.,Ltd.",深圳证券交易所,Shenzhen  Exchange,0.1
265,2022-07-29,000905,中证500,CSI 500,002416,爱施德,Shenzhen Aisidi Co Ltd,深圳证券交易所,Shenzhen  Exchange,0.1
120,2022-07-29,000905,中证500,CSI 500,600707,彩虹股份,Irico Display Devices Co Ltd,上海证券交易所,Shanghai  Exchange,0.099
158,2022-07-29,000905,中证500,CSI 500,002387,维信诺,Visionox Technology Inc.,深圳证券交易所,Shenzhen  Exchange,0.099
169,2022-07-29,000905,中证500,CSI 500,600329,达仁堂,Tianjin Pharmaceutical Da Ren Tang Group Corporation Limited,上海证券交易所,Shanghai  Exchange,0.099
161,2022-07-29,000905,中证500,CSI 500,600446,金证股份,Shenzhen Kingdom Technology Co Ltd,上海证券交易所,Shanghai  Exchange,0.099
423,2022-07-29,000905,中证500,CSI 500,001965,招商公路,"China Merchants Expressway Network Technology Holdings Co., Ltd.",深圳证券交易所,Shenzhen  Exchange,0.099
83,2022-07-29,000905,中证500,CSI 500,600373,中文传媒,Chinese Universe Publishing And Media Co Ltd,上海证券交易所,Shanghai  Exchange,0.098
48,2022-07-29,000905,中证500,CSI 500,000990,诚志股份,Chengzhi Co Ltd,深圳证券交易所,Shenzhen  Exchange,0.098
303,2022-07-29,000905,中证500,CSI 500,000528,柳工,Guangxi Liugong Machinery Co Ltd,深圳证券交易所,Shenzhen  Exchange,0.098
424,2022-07-29,000905,中证500,CSI 500,002925,盈趣科技,Xiamen Intretech Inc.,深圳证券交易所,Shenzhen  Exchange,0.098
347,2022-07-29,000905,中证500,CSI 500,000563,陕国投A,"Shaanxi International Trust Co.,Ltd",深圳证券交易所,Shenzhen  Exchange,0.097
459,2022-07-29,000905,中证500,CSI 500,688029,南微医学,"Micro-Tech (Nanjing) Co.,Ltd",上海证券交易所,Shanghai  Exchange,0.097
229,2022-07-29,000905,中证500,CSI 500,002382,蓝帆医疗,"BLUE SAIL MEDICAL CO., LTD.",深圳证券交易所,Shenzhen  Exchange,0.096
45,2022-07-29,000905,中证500,CSI 500,002423,中粮资本,"COFCO CAPITAL HOLDINGS CO.,LTD.",深圳证券交易所,Shenzhen  Exchange,0.096
146,2022-07-29,000905,中证500,CSI 500,002146,荣盛发展,Risesun Real Estate Development Co Ltd,深圳证券交易所,Shenzhen  Exchange,0.095
316,2022-07-29,000905,中证500,CSI 500,300257,开山股份,Zhejiang Kaishan Compressor Co Ltd,深圳证券交易所,Shenzhen  Exchange,0.095
62,2022-07-29,000905,中证500,CSI 500,600095,湘财股份,"XIANGCAI CO.,LTD",上海证券交易所,Shanghai  Exchange,0.094
443,2022-07-29,000905,中证500,CSI 500,002948,青岛银行,"BANK OF QINGDAO CO., LTD.",深圳证券交易所,Shenzhen  Exchange,0.094
431,2022-07-29,000905,中证500,CSI 500,600901,江苏租赁,"Jiangsu Financial Leasing Co.,Ltd.",上海证券交易所,Shanghai  Exchange,0.094
413,2022-07-29,000905,中证500,CSI 500,002867,周大生,"CHOW TAI SENG JEWELLERY CO., LTD.",深圳证券交易所,Shenzhen  Exchange,0.094
488,2022-07-29,000905,中证500,CSI 500,601187,厦门银行,"Xiamen Bank Co., Ltd.",上海证券交易所,Shanghai  Exchange,0.093
270,2022-07-29,000905,中证500,CSI 500,002399,海普瑞,Shenzhen Hepalink Pharmaceutical Co Ltd,深圳证券交易所,Shenzhen  Exchange,0.093
353,2022-07-29,000905,中证500,CSI 500,603000,人民网,"People.cn CO.,LTD",上海证券交易所,Shanghai  Exchange,0.092
442,2022-07-29,000905,中证500,CSI 500,601598,中国外运,Sinotrans Limited,上海证券交易所,Shanghai  Exchange,0.092
115,2022-07-29,000905,中证500,CSI 500,600717,天津港,Tianjin Port Co Ltd,上海证券交易所,Shanghai  Exchange,0.09
195,2022-07-29,000905,中证500,CSI 500,600307,酒钢宏兴,Gansu Jiu Steel Group Hongxing Iron & Steel Co Ltd,上海证券交易所,Shanghai  Exchange,0.09
18,2022-07-29,000905,中证500,CSI 500,600006,东风汽车,Dongfeng Automobile Co Ltd,上海证券交易所,Shanghai  Exchange,0.089
404,2022-07-29,000905,中证500,CSI 500,603228,景旺电子,"Shenzhen Kinwong Electronic Co.,Ltd.",上海证券交易所,Shanghai  Exchange,0.089
167,2022-07-29,000905,中证500,CSI 500,600376,首开股份,"Beijing Capital Development Co.,Ltd.",上海证券交易所,Shanghai  Exchange,0.089
322,2022-07-29,000905,中证500,CSI 500,000671,阳光城,"Sunshine City Group Co., Ltd.",深圳证券交易所,Shenzhen  Exchange,0.088
452,2022-07-29,000905,中证500,CSI 500,603317,天味食品,"Sichuan Teway Food Group Co.,Ltd",上海证券交易所,Shanghai  Exchange,0.088
450,2022-07-29,000905,中证500,CSI 500,603379,三美股份,"Zhejiang Sanmei Chemical Industry Co., Ltd.",上海证券交易所,Shanghai  Exchange,0.087
240,2022-07-29,000905,中证500,CSI 500,600623,华谊集团,Shanghai Huayi Group Corporation Limited,上海证券交易所,Shanghai  Exchange,0.087
38,2022-07-29,000905,中证500,CSI 500,000961,中南建设,"Jiangsu Zhongnan Construction Group Co.,Ltd",深圳证券交易所,Shenzhen  Exchange,0.085
99,2022-07-29,000905,中证500,CSI 500,000718,苏宁环球,Suning Universal Co Ltd,深圳证券交易所,Shenzhen  Exchange,0.085
2,2022-07-29,000905,中证500,CSI 500,002242,九阳股份,Joyoung Co Ltd,深圳证券交易所,Shenzhen  Exchange,0.084
332,2022-07-29,000905,中证500,CSI 500,000415,渤海租赁,"Bohai Leasing Co.,Ltd.",深圳证券交易所,Shenzhen  Exchange,0.083
491,2022-07-29,000905,中证500,CSI 500,688819,天能股份,"Tianneng Battery Group Co.,Ltd.",上海证券交易所,Shanghai  Exchange,0.082
494,2022-07-29,000905,中证500,CSI 500,600906,财达证券,"CAIDA SECURITIES CO., LTD.",上海证券交易所,Shanghai  Exchange,0.081
433,2022-07-29,000905,中证500,CSI 500,603650,彤程新材,"Red Avenue New Materials Group Co., Ltd.",上海证券交易所,Shanghai  Exchange,0.081
454,2022-07-29,000905,中证500,CSI 500,600968,海油发展,CNOOC Energy Technology & Services Limited,上海证券交易所,Shanghai  Exchange,0.081
299,2022-07-29,000905,中证500,CSI 500,601928,凤凰传媒,Jiangsu Phoenix Publishing & Media Co Ltd,上海证券交易所,Shanghai  Exchange,0.078
243,2022-07-29,000905,中证500,CSI 500,600835,上海机电,Shanghai Mechanical & Electrical Industry Co Ltd,上海证券交易所,Shanghai  Exchange,0.078
371,2022-07-29,000905,中证500,CSI 500,601969,海南矿业,"Hainan Mining Co., Ltd.",上海证券交易所,Shanghai  Exchange,0.078
113,2022-07-29,000905,中证500,CSI 500,600787,中储股份,"CMST Development Co.,Ltd.",上海证券交易所,Shanghai  Exchange,0.076
170,2022-07-29,000905,中证500,CSI 500,600339,中油工程,China Petroleum Engineering Corporation,上海证券交易所,Shanghai  Exchange,0.075
197,2022-07-29,000905,中证500,CSI 500,600648,外高桥,"SHANGHAI WAIGAOQIAO FREE TRADE ZONE GROUP CO., LTD.",上海证券交易所,Shanghai  Exchange,0.074
448,2022-07-29,000905,中证500,CSI 500,600928,西安银行,"BANK OF XI'AN CO., LTD.",上海证券交易所,Shanghai  Exchange,0.074
43,2022-07-29,000905,中证500,CSI 500,000553,安道麦A,ADAMA Ltd.,深圳证券交易所,Shenzhen  Exchange,0.073
340,2022-07-29,000905,中证500,CSI 500,000031,大悦城,"Grandjoy Holdings Group Co.,Ltd.",深圳证券交易所,Shenzhen  Exchange,0.072
410,2022-07-29,000905,中证500,CSI 500,601228,广州港,GUANGZHOU PORT COMPANY LIMITED,上海证券交易所,Shanghai  Exchange,0.071
397,2022-07-29,000905,中证500,CSI 500,002815,崇达技术,"Suntak Technology Co., Ltd.",深圳证券交易所,Shenzhen  Exchange,0.069
318,2022-07-29,000905,中证500,CSI 500,002563,森马服饰,Zhejiang Semir Garment Co Ltd,深圳证券交易所,Shenzhen  Exchange,0.067
483,2022-07-29,000905,中证500,CSI 500,300869,康泰医学,"CONTEC MEDICAL SYSTEMS CO., LTD.",深圳证券交易所,Shenzhen  Exchange,0.067
98,2022-07-29,000905,中证500,CSI 500,000028,国药一致,China National Accord Medicines Corporation Ltd.,深圳证券交易所,Shenzhen  Exchange,0.067
250,2022-07-29,000905,中证500,CSI 500,601139,深圳燃气,Shenzhen Gas Co Ltd,上海证券交易所,Shanghai  Exchange,0.064
444,2022-07-29,000905,中证500,CSI 500,002945,华林证券,"ChinaLin Securities Co., Ltd.",深圳证券交易所,Shenzhen  Exchange,0.064
136,2022-07-29,000905,中证500,CSI 500,000717,韶钢松山,SGIS Songshan Co Ltd,深圳证券交易所,Shenzhen  Exchange,0.064
425,2022-07-29,000905,中证500,CSI 500,603056,德邦股份,"DEPPON LOGISTICS Co., LTD.",上海证券交易所,Shanghai  Exchange,0.064
14,2022-07-29,000905,中证500,CSI 500,600377,宁沪高速,Jiangsu Expressway Co Ltd,上海证券交易所,Shanghai  Exchange,0.063
434,2022-07-29,000905,中证500,CSI 500,601869,长飞光纤,Yangtze Optical Fibre and Cable Joint Stock Limited Company,上海证券交易所,Shanghai  Exchange,0.063
445,2022-07-29,000905,中证500,CSI 500,601298,青岛港,"Qingdao Port International Co., Ltd",上海证券交易所,Shanghai  Exchange,0.06
329,2022-07-29,000905,中证500,CSI 500,000062,深圳华强,Shenzhen Huaqiang Industry Co Ltd,深圳证券交易所,Shenzhen  Exchange,0.06
390,2022-07-29,000905,中证500,CSI 500,603868,飞科电器,"Shanghai Flyco Electrical Appliance Co., Ltd.",上海证券交易所,Shanghai  Exchange,0.059
78,2022-07-29,000905,中证500,CSI 500,600299,安迪苏,Bluestar Adisseo Company,上海证券交易所,Shanghai  Exchange,0.059
272,2022-07-29,000905,中证500,CSI 500,000869,张  裕A,Yantai Changyu Pioneer Wine Co Ltd,深圳证券交易所,Shenzhen  Exchange,0.058
379,2022-07-29,000905,中证500,CSI 500,603355,莱克电气,"Kingclean Electric Co., Ltd.",上海证券交易所,Shanghai  Exchange,0.055
440,2022-07-29,000905,中证500,CSI 500,001872,招商港口,"China Merchants Port Group Co., Ltd.",深圳证券交易所,Shenzhen  Exchange,0.055
355,2022-07-29,000905,中证500,CSI 500,002653,海思科,"Haisco Pharmaceutical Group Co., Ltd",深圳证券交易所,Shenzhen  Exchange,0.052
84,2022-07-29,000905,中证500,CSI 500,600350,山东高速,Shandong Hi-speed Company Limited,上海证券交易所,Shanghai  Exchange,0.051
468,2022-07-29,000905,中证500,CSI 500,603786,科博达,"KEBODA TECHNOLOGY Co., Ltd.",上海证券交易所,Shanghai  Exchange,0.049
496,2022-07-29,000905,中证500,CSI 500,601156,东航物流,"Eastern Air Logistics Co., Ltd.",上海证券交易所,Shanghai  Exchange,0.048
498,2022-07-29,000905,中证500,CSI 500,600927,永安期货,"Yongan Futures Co., Ltd.",上海证券交易所,Shanghai  Exchange,0.048
430,2022-07-29,000905,中证500,CSI 500,300741,华宝股份,"Huabao Flavours & Fragrances Co., Ltd",深圳证券交易所,Shenzhen  Exchange,0.047
33,2022-07-29,000905,中证500,CSI 500,600823,世茂股份,Shanghai Shi Mao Co Ltd,上海证券交易所,Shanghai  Exchange,0.047
499,2022-07-29,000905,中证500,CSI 500,001227,兰州银行,"BANK OF LANZHOU CO., LTD.",深圳证券交易所,Shenzhen  Exchange,0.044
426,2022-07-29,000905,中证500,CSI 500,601828,美凯龙,Red Star Macalline Group Corporation Ltd.,上海证券交易所,Shanghai  Exchange,0.043
394,2022-07-29,000905,中证500,CSI 500,603515,欧普照明,"Opple Lighting Co., LTD.",上海证券交易所,Shanghai  Exchange,0.039
495,2022-07-29,000905,中证500,CSI 500,001203,大中矿业,"Inner Mongolia Dazhong Mining Co., Ltd.",深圳证券交易所,Shenzhen  Exchange,0.039
497,2022-07-29,000905,中证500,CSI 500,601665,齐鲁银行,"QILU BANK CO., LTD.",上海证券交易所,Shanghai  Exchange,0.035
183,2022-07-29,000905,中证500,CSI 500,601003,柳钢股份,Liuzhou Iron & Steel Co Ltd,上海证券交易所,Shanghai  Exchange,0.03
472,2022-07-29,000905,中证500,CSI 500,603719,良品铺子,"Bestore Co.,Ltd.",上海证券交易所,Shanghai  Exchange,0.03
447,2022-07-29,000905,中证500,CSI 500,002946,新乳业,"New Hope Dairy Co., Ltd.",深圳证券交易所,Shenzhen  Exchange,0.03
477,2022-07-29,000905,中证500,CSI 500,600956,新天绿能,China Suntien Green Energy Corporation Limited,上海证券交易所,Shanghai  Exchange,0.029
420,2022-07-29,000905,中证500,CSI 500,002901,大博医疗,Double Medical Technology Inc.,深圳证券交易所,Shenzhen  Exchange,0.025
369,2022-07-29,000905,中证500,CSI 500,600917,重庆燃气,Chongqing Gas Group Corporation Ltd.,上海证券交易所,Shanghai  Exchange,0.022
461,2022-07-29,000905,中证500,CSI 500,603983,丸美股份,"Guangdong Marubi Biotechnology Co., Ltd.",上海证券交易所,Shanghai  Exchange,0.021
